SUM of OBS_VALUE,Geographic area,,,,,,,,,,,,,,,,,,,,,,,,,,,,,,,,,,,,,,,,,,,,,,,,,,,,,,,,,,,,,,,,,,,,,,,,,,,,,,,,,,,,,,,,,,,,,,,,,,,,,,,,,,,,,,,,,,,,,,,,,,,,,,,,,,,,,,,,,,,,,,,,,,,,,,,,,,,,,,,,,,,,,,,,,,,,,,,,,,,,,,,,,,,,,,,,,,,,,,,,,,,,,,,,,,,,,,,,,,,,,,,,,,,,
TIME_PERIOD,Afghanistan,Albania,Algeria,Andorra,Angola,Antigua and Barbuda,Argentina,Armenia,Australia,Australia and New Zealand,Austria,Azerbaijan,Bahamas,Bahrain,Bangladesh,Barbados,Belarus,Belgium,Belize,Benin,Bhutan,Bolivia (Plurinational State of),Bosnia and Herzegovina,Botswana,Brazil,Brunei Darussalam,Bulgaria,Burkina Faso,Burundi,Cabo Verde,Cambodia,Cameroon,Canada,Central African Republic,Central and Southern Asia,Central Asia,Chad,Chile,China,Colombia,Comoros,Congo,Cook Islands,Costa Rica,CÃ´te d'Ivoire,Croatia,Cuba,Cyprus,Czechia,Democratic People's Republic of Korea,Democratic Republic of the Congo,Denmark,Djibouti,Dominica,Dominican Republic,East Asia and Pacific,Eastern and South-Eastern Asia,Eastern and Southern Africa,Eastern Asia,Eastern Europe and Central Asia,Ecuador,Egypt,El Salvador,Equatorial Guinea,Eritrea,Estonia,Eswatini,Ethiopia,Europe,Europe and Central Asia,Europe and Northern America,Fiji,Finland,France,Gabon,Gambia,Georgia,Germany,Ghana,Greece,Grenada,Guatemala,Guinea,Guinea-Bissau,Guyana,Haiti,Honduras,Hungary,Iceland,India,Indonesia,Iran (Islamic Republic of),Iraq,Ireland,Israel,Italy,Jamaica,Japan,Jordan,Kazakhstan,Kenya,Kiribati,Kuwait,Kyrgyzstan,Landlocked developing countries (LLDCs),Lao People's Democratic Republic,Latin America & the Caribbean,Latin America and Caribbean,Latvia,Least developed countries (LDCs),Lebanon,Lesotho,Liberia,Libya,Lithuania,Luxembourg,Madagascar,Malawi,Malaysia,Maldives,Mali,Malta,Marshall Islands,Mauritania,Mauritius,Mexico,Micronesia (Federated States of),Middle East and North Africa,Monaco,Mongolia,Montenegro,Morocco,Mozambique,Myanmar,Namibia,Nauru,Nepal,Netherlands,New Zealand,Nicaragua,Niger,Nigeria,Niue,North America,North Macedonia,Northern Africa,Northern Africa and Western Asia,Norway,Oceania,Oceania excluding Australia and New Zealand,Oman,Pakistan,Palau,Panama,Papua New Guinea,Paraguay,Peru,Philippines,Poland,Portugal,Qatar,Republic of Korea,Republic of Moldova,Romania,Russian Federation,Rwanda,Saint Kitts and Nevis,Saint Lucia,Saint Vincent and the Grenadines,Samoa,San Marino,Sao Tome and Principe,Saudi Arabia,Senegal,Serbia,Seychelles,Sierra Leone,Singapore,Slovakia,Slovenia,Small Island Developing States (SIDS),Solomon Islands,Somalia,South Africa,South Asia,South Sudan,South-Eastern Asia,Southern Asia,Spain,Sri Lanka,State of Palestine,sub-Saharan Africa,Sudan,Suriname,Sweden,Switzerland,Syrian Arab Republic,Tajikistan,Thailand,Timor-Leste,Togo,Tonga,Trinidad and Tobago,Tunisia,Turkey,Turkmenistan,Tuvalu,Uganda,Ukraine,United Arab Emirates,United Kingdom,United Republic of Tanzania,United States,Uruguay,Uzbekistan,Vanuatu,Venezuela (Bolivarian Republic of),Viet Nam,West and Central Africa,Western Asia,Western Europe,World,World Bank (high income),World Bank (low income),World Bank (lower middle income),World Bank (upper middle income),Yemen,Zambia,Zimbabwe
2009-06,66.52582348,12.91451797,24.381526,4.459207498,80.48416281,9.13280581,13.3415387,17.40439676,4.184943716,4.355914297,3.676060717,34.75778465,13.63492628,7.620979545,40.50617787,13.92969659,4.562494984,3.699887557,16.63431621,71.83572743,35.84188907,34.58335515,6.572192254,22.92735962,17.47285083,7.813306914,9.294389605,70.45010784,62.55531876,22.70722515,40.32945969,71.2713944,4.955984714,101.8928442,48.46532905,29.91006014,86.20221167,7.523207287,14.66021499,16.25173082,63.62861583,44.66104645,9.650143403,9.373485892,76.65454072,4.841380345,4.96033662,3.127371384,2.857843043,24.4,86.27304429,3.551269293,64.13366798,20.17226462,28.46252949,19.02145357,18.99897858,55.48942107,13.91737068,16.89452239,16.37156971,25.05433589,17.23286303,82.00197672,40.32132026,3.917744237,58.12715147,56.94375515,5.847157108,10.85231795,5.988043925,20.13495491,2.586061678,3.583758983,42.98297556,46.77753511,13.89641968,3.543137312,48.8159547,3.456154601,12.84221769,29.64161754,76.10385683,75.18673881,30.99507828,60.1691516,20.62447375,5.235286757,2.144414538,47.30489468,29.01308995,17.67892831,29.30757845,3.634457261,3.794443794,3.444821207,15.89785771,2.428140101,17.7512999,20.04825032,40.34267382,49.92404255,9.180554906,27.81988203,55.95863233,53.74760732,18.61479302,18.61479302,6.952141081,60.96320027,9.258296731,75.53452382,74.66909061,15.07163969,5.392373241,2.532758571,48.13621996,55.25466595,6.92715596,12.78838042,78.85177149,5.929470759,31.69378826,62.85911547,12.51783345,16.91872886,32.93370602,23.3518096,3.326313846,26.94707328,6.468117585,28.51058366,72.97808656,50.32724803,37.59443095,31.94499641,38.91794694,3.839009273,5.161219003,21.07764581,64.89602495,86.11200448,25.33465021,12.48054239,9.474847905,31.03785656,26.58173143,2.768353863,20.11883239,40.62616378,10.19058768,71.51487828,21.21489819,17.47474925,45.4998925,22.56921289,16.3246935,25.0755053,5.451523487,3.116340541,7.996773137,3.681912136,14.88888424,11.10601323,9.195067137,47.53060857,14.74891918,16.76654381,18.12464563,16.89430409,2.616764606,34.88420114,10.96570906,44.28716929,6.768474625,12.04456956,110.8076102,2.237838921,5.946401082,2.764863532,37.30984329,22.4042981,98.10417377,36.46014561,50.29883863,71.46000016,27.35177429,49.18419955,3.280260452,10.3017687,20.05327413,135.0525646,51.81269184,21.04017304,2.555416698,3.981534409,16.23220482,38.2890596,12.24888696,53.89699612,59.17868007,14.49587366,21.02214799,16.15909272,16.75058668,37.76588086,27.14465203,52.4575008,10.57956508,7.442451905,4.591773424,49.05954645,6.357438554,9.71971976,31.32176527,24.51945638,14.6538885,18.49557959,78.72118237,22.22632817,3.859000319,38.27898935,5.294965767,64.12068708,50.36091434,18.03615544,44.94046932,54.13019521,55.86600423
2010-06,64.10056744,11.82809714,23.5629453,4.256321379,75.86864973,8.678637768,12.90835062,16.53713899,3.996784001,4.18529367,3.58418493,32.58175628,13.34557757,7.287097339,38.57601697,13.80916837,4.190410378,3.627262241,16.20750029,70.58545322,33.98387696,32.74612128,6.267435669,24.59772719,16.6904911,7.918184369,9.083089398,68.20653876,59.17112842,22.12094229,37.44982498,68.83472798,4.895675365,100.2902092,46.5254589,28.13635879,84.43555532,7.416313377,13.5586655,15.76486779,62.06425621,43.11318761,9.168257906,9.158825855,74.69481513,4.664475254,4.812008328,2.931992365,2.730770231,23.1,84.04207969,3.473335823,62.40987268,21.22983423,28.15058068,18.049762,18.01715436,53.26339526,12.89885889,15.9994196,15.66291823,24.07823872,16.40871382,79.37587619,39.14659585,3.596303237,55.24131998,54.3012804,5.664847669,10.37808672,5.829752929,20.07420197,2.465200282,3.561727414,41.56171867,45.4809808,12.6590819,3.471523485,46.99734274,3.435006788,13.03418975,28.54651021,74.64311345,71.86686171,30.45881707,85.40500102,19.81184212,5.050276973,2.069225175,45.1392875,27.96695874,16.85662175,28.524844,3.537771469,3.665459102,3.368288861,15.53902553,2.348748123,17.28584664,18.19651459,39.44069447,49.30702436,8.907058835,26.07338076,53.63083044,51.58582672,18.64736549,18.64736549,6.539718101,59.1837054,8.795962635,73.67531567,72.46387458,14.24022588,4.901671664,2.470266823,46.62409702,53.16322027,6.895457404,11.9360128,76.70062893,5.947480445,31.5250243,61.67107845,12.45498341,16.37531843,31.97937198,22.5599304,3.252672849,25.1487622,5.786327706,27.2832336,72.43327686,48.60714154,36.32743349,31.66528789,37.14989245,3.726929623,5.08795711,20.24249863,61.99812951,84.57111591,24.90623627,12.25706809,8.902556741,29.89226653,25.66640568,2.645976815,19.63076282,39.80027551,10.062002,70.1292467,20.66569227,17.00041588,44.54067966,21.92695337,15.45918573,24.79559902,5.133831632,3.054168144,7.807704074,3.52413672,14.67332791,10.5397261,8.887625922,43.82988816,14.64785703,17.02237546,17.70915899,15.7850613,2.415347269,33.21160019,10.25093373,42.6288189,6.604399286,12.12700259,107.1526586,2.23568365,5.76642102,2.616163402,42.46552004,21.84035309,95.55904698,32.5262798,48.37824577,68.34448042,26.4587819,47.26739641,3.154687416,9.981444591,19.67716618,130.9731776,50.59987083,20.53170528,2.499312401,3.928827765,16.24196245,37.02018988,11.69320596,51.61121966,57.6765057,14.47122273,20.41614099,15.77698784,15.60525491,36.91697184,26.4063296,49.86250836,10.07336823,7.254470973,4.418536477,47.32689452,6.243277326,9.251209102,29.20413599,24.70429424,14.66608311,18.26122297,76.82422058,21.45219313,3.745371127,37.00020706,5.144016868,62.4996951,48.67292474,17.05215647,43.63425328,52.32319252,53.77651756
2011-06,61.7264408,10.82505604,22.93379413,4.043768656,71.42047275,8.236396536,12.40074216,15.71886462,3.807234448,4.011215453,3.470602504,30.58161389,13.06035206,7.023885387,36.79163021,13.70365234,3.878244665,3.556464683,15.72098101,69.33465235,32.34471488,31.03553324,6.007555551,27.08314648,16.01576322,8.056663477,8.729039532,66.26210926,56.00542598,21.28845567,34.72491579,66.87932269,4.841130616,98.18458522,44.62244408,26.52316491,82.68908731,7.288146092,12.55731337,15.29041456,60.22553925,42.02550758,8.753904106,8.882570256,72.87265377,4.516876176,4.670317167,2.754899316,2.629969125,21.5,81.90053853,3.443009265,60.70958379,22.35520922,27.84493281,17.14547442,17.102956,51.08062879,11.96811265,15.20204603,14.99559808,23.11962155,15.64963867,76.98663971,37.96358871,3.310979009,54.05949511,51.85113481,5.511093813,9.95480659,5.691865567,20.01489079,2.350540462,3.53857546,40.32080168,44.2430375,11.63465115,3.412249505,45.20364534,3.455299017,13.2650573,27.48609963,73.29811215,68.80230377,29.90007149,57.80918742,19.05631673,4.928694108,2.002791191,43.00152094,26.95856515,16.11851016,27.72840572,3.458863614,3.541266942,3.288349841,15.14846373,2.296971666,16.82972695,16.36350579,38.56190223,48.51122646,8.590439146,24.50658922,51.40647959,49.51749555,17.37352182,17.37352182,6.084129074,56.89221358,8.395955832,71.72552946,70.68432537,13.86355236,4.496856406,2.425460068,45.2693982,49.53102207,6.847569014,11.19137478,74.59634009,5.965123967,31.29681534,60.30155063,12.65492983,15.85247999,31.0785791,21.88460204,3.180749058,23.39086979,5.152435658,26.10142727,68.84208809,46.80625204,36.8883105,31.29764729,35.45920958,3.635731064,5.005296516,19.46038809,59.36217618,83.25568956,24.47975677,12.04556511,8.81526949,28.84598608,24.87646445,2.535685857,19.19445325,39.02049885,9.941975829,68.6245056,20.04209363,16.4992167,43.62537756,21.28915277,14.67599908,24.52745436,4.875186473,3.007236461,7.614374443,3.396988343,14.44029607,10.05269523,8.666815945,39.80562201,14.56902189,17.29481148,17.24803161,15.63905779,2.234621151,31.6602202,9.576887482,41.12665676,6.415502482,12.23092056,103.5389744,2.223932007,5.606629287,2.479168431,35.71805664,21.26010688,92.96688342,30.52789327,46.48378077,65.56767303,25.59628149,45.37918656,3.041530868,9.587581055,19.36630202,127.1129981,49.46748243,20.00911013,2.45796256,3.8910107,16.37618723,36.00457426,11.15451037,49.65564586,56.22516824,14.44900201,19.78767033,15.46025515,14.57212965,36.38930674,25.6728244,47.57849658,9.58816626,7.090430267,4.250332768,45.70251563,6.134729829,8.891279716,27.21219943,24.81963253,14.74338777,18.03866164,75.09632744,20.84049574,3.644678398,35.69247425,5.007085399,60.10594595,47.06632334,16.19756962,43.07747202,51.02824068,51.63199778
2012-06,59.45464163,9.963017976,22.47152506,3.850386143,67.31644487,7.823103943,11.85737001,14.93910043,3.629168068,3.8433466,3.339811147,28.62257407,12.77334496,6.825744049,35.12109684,13.58757365,3.619265691,3.479857965,15.16113617,68.06064463,30.88161353,29.40968021,5.798898327,26.97781311,15.43524067,8.212028619,8.253627026,64.44498547,53.09430859,20.28432038,32.29432595,64.58099707,4.792559907,96.15016324,42.76109331,25.04687988,80.99489391,7.171580569,11.62393081,14.80711704,58.69373967,41.18202242,8.383300816,8.563596461,70.86748976,4.400203892,4.54347025,2.601416756,2.558731606,19.8,79.79191718,3.446711416,59.0089294,23.54983454,27.52053321,16.30032128,16.24892292,49.11617648,11.09536487,14.45402463,14.38561871,22.21559104,14.95294346,74.67266158,36.88690963,3.061219374,52.89034427,49.4539378,5.365461417,9.553976839,5.563489732,20.01971653,2.247394507,3.508886808,38.93996829,43.05945522,10.81780508,3.365587169,43.44270836,3.532753381,13.52260249,26.46902842,72.02659154,65.99284538,29.3192789,56.64852657,18.3450575,4.827600319,1.937067734,40.89297613,26.00723332,15.4725254,26.93767038,3.390267261,3.42573562,3.204753158,14.7455296,2.202261055,16.38072755,14.6117533,38.23758622,47.58182558,8.251906947,23.1669103,49.21499104,47.52021223,16.81897505,16.81897505,5.590302306,54.98706172,8.044637252,72.18909714,69.21996719,12.91767223,4.202707258,2.398131061,44.00190466,45.9406928,6.812291267,10.52717492,72.59572997,5.990240422,30.96859624,58.96000341,12.95167027,15.34323771,30.25600974,21.30398233,3.105834006,21.71759411,4.57066946,24.93179521,66.41617273,45.13077432,37.93085228,30.73607641,33.84939395,3.562399049,4.906177796,18.71554833,57.12207956,82.19876801,23.93608193,11.85783303,9.217912899,27.88128142,24.18211507,2.437436643,18.76119266,38.19828507,9.824846701,67.05519225,19.5011803,15.98939587,42.65630733,20.66949228,13.97470937,24.26052891,4.669048254,2.976106265,7.420891164,3.285314881,14.17866351,9.548312694,8.442545736,37.01412226,14.50580423,17.59384856,16.74515791,15.437088,2.088432721,30.23469763,8.928741675,39.78613859,6.203048376,12.34336492,100.1761085,2.20589516,5.461230212,2.34909358,34.95414358,20.6714776,90.3908292,29.76644508,44.61888799,63.64922154,24.79239168,43.52436704,2.942435147,9.108755837,19.10206784,123.6036008,48.38208772,19.49839874,2.425167444,3.863600489,16.95278508,35.14308817,10.65737233,47.84886343,54.81531889,14.44084823,19.18467654,15.21825324,13.59906537,36.07986287,24.99533623,44.62390018,9.151785595,6.95577766,4.102616714,44.2742565,6.038230821,8.593453923,25.31816666,24.85011076,14.88707296,17.81839998,73.49669648,20.35475996,3.557543263,34.52750023,4.878868154,58.20336882,45.54231868,15.42625435,42.96414984,49.92344745,47.85339403
2013-06,57.22515115,9.284419857,22.13734858,3.665887728,63.71524587,7.428225981,11.30477609,14.20535435,3.474454315,3.692834251,3.215870452,26.77096597,12.50810116,6.681062959,33.54466944,13.45436393,3.402423233,3.388335524,14.54176663,66.77161283,29.62328535,27.83236518,5.636465802,28.61311679,14.93222706,8.388186003,7.735749371,62.75043308,50.44589762,19.1603083,30.26205988,62.01167379,4.741427273,94.64963166,40.95459372,23.71198633,79.32889083,7.058779991,10.75849622,14.33727173,57.19268132,40.40108539,8.061639393,8.225598264,68.87326657,4.31451641,4.423976533,2.462376432,2.521069164,18.3,77.72718952,3.469424159,57.42562083,24.78720218,27.0843399,15.51378111,15.45395153,47.45794452,10.28897147,13.72905127,13.82842596,21.35115385,14.32173257,72.39204743,35.84989031,2.839069898,51.93885914,47.1981614,5.200444769,9.159106911,5.426691079,20.10272983,2.159415772,3.474878618,37.70294331,41.93115115,10.1856145,3.332795696,41.75186177,3.665147509,13.76492147,25.47146761,70.81837799,63.46424753,28.77127065,55.49473249,17.68972617,4.71084111,1.87526264,38.84164745,25.07574714,14.89111107,26.14729538,3.32559745,3.321802503,3.119462034,14.32062867,2.134222495,15.955533,13.01560361,37.47169055,46.65245956,7.934088355,21.96555648,47.35716696,45.60112592,16.30471308,16.30471308,5.091131067,53.28960994,7.701698205,72.14590873,68.0403597,12.36799904,4.058950868,2.380261407,42.837447,42.69331637,6.807916599,9.900820941,70.63867446,6.024386802,30.49121845,57.62875812,13.08861535,14.86301112,29.46941819,20.75877275,3.026906699,20.12015622,4.039867517,23.7905735,64.71254494,43.51374875,36.34024946,30.09095944,32.32872002,3.505770287,4.795863266,17.98910435,55.16093158,81.23519079,23.38651263,11.69269894,10.02724462,27.00241841,23.53377823,2.349849649,18.35581659,37.40351884,9.719531172,65.43112841,18.94692268,15.5332613,41.71913549,20.05582151,13.33551634,23.98938015,4.488572153,2.957728818,7.207196307,3.180920197,13.93342884,8.953378692,8.105516545,34.51716621,14.45399754,17.91688656,16.2227026,15.18187559,1.961469346,28.94841707,8.330486707,38.57923914,5.970098463,12.4656783,97.02163863,2.191766634,5.327977896,2.228493471,34.20552701,20.09778676,87.92306812,29.22564835,42.79601227,62.67289598,24.02823958,41.71560364,2.860060193,8.567136567,18.84906892,120.4740757,47.28915984,19.00761297,2.397428626,3.840407007,17.3650531,34.37802038,10.18049924,46.13510429,53.44182016,14.45062304,18.58548044,15.02187304,12.71212903,36.00285232,24.26033827,42.91862908,8.765604005,6.849447814,3.983511236,43.10799684,5.953979421,8.302681393,23.54817826,24.71130683,15.11907022,17.61709167,71.97093716,19.89169317,3.483645238,33.455596,4.765012523,56.52388128,44.09652151,14.70495114,42.96296095,48.74611241,45.86494942
2014-06,55.16093247,8.805974919,21.87307618,3.495399071,60.54046772,7.079192051,10.75480132,13.51420225,3.348656771,3.563894234,3.118536213,25.02897472,12.25561215,6.573069427,32.06961577,13.25481176,3.215392415,3.284148342,13.872771,65.51838471,28.48328748,26.37645741,5.514838335,30.95097911,14.47691188,8.582489381,7.240757591,61.10480202,48.03807263,17.93861688,28.58585627,59.84200836,4.678992845,92.11865577,39.20686851,22.47896031,77.70066198,6.921619394,9.945807127,13.88685419,55.62352401,39.54903591,7.753961373,7.901234152,67.01515629,4.249121363,4.309225974,2.33808658,2.512527054,17,75.72802254,3.49117612,55.880248,26.05141046,26.58936001,14.78089838,14.71324554,45.89736747,9.533562542,13.00118899,13.36359199,20.58077874,13.70596429,70.29889716,34.89076795,2.640812388,52.08844738,45.12277471,5.004738732,8.754978396,5.27403722,20.29801263,2.088226939,3.4548028,36.88374808,40.8320569,9.712278598,3.311116311,40.23582139,3.800093751,14.01619824,24.55016282,69.78436501,61.18554933,28.10144927,54.34845055,17.0858696,4.534601738,1.819100069,36.8504434,24.17285884,14.33710503,25.38992414,3.258594415,3.233829447,3.035642679,13.89189982,2.070027354,15.53251424,11.63278538,36.53242685,45.58241435,7.670561161,20.8908516,45.62265401,43.7550654,15.82196842,15.82196842,4.6292261,51.69388011,7.40873404,71.56736852,67.42929415,11.84847859,4.040858959,2.371089951,41.73641686,39.66971296,6.835944591,9.297610166,68.74721993,6.063260446,29.95743536,56.40243513,12.93046195,14.3892762,28.61836394,20.25413053,2.951012482,18.64021767,3.5586729,22.71922012,63.17670869,42.04931025,34.31175096,29.39474247,30.92614678,3.46479318,4.66914659,17.30228841,53.50848699,80.41502588,22.81002289,11.5488174,10.99161041,26.23045275,22.94333283,2.274843573,17.96339378,36.60423909,9.648323459,63.7700101,18.42938625,15.0462397,40.77025369,19.50245926,12.73559079,23.72143449,4.318681167,2.954407305,6.966135527,3.084981655,13.68098508,8.276637867,7.61800632,32.5040433,14.31639748,18.24977915,15.72074605,14.86658472,1.858634615,27.80942065,7.763094149,37.4664568,5.716960599,12.60044032,94.87326639,2.182750842,5.206312757,2.118629264,33.47635414,19.55560915,85.31884492,28.97081939,41.02015561,62.38484747,23.31280271,39.95804802,2.794097246,8.007123337,18.58703504,117.5817544,46.23068226,18.53341161,2.36954599,3.814120951,17.71298389,33.6130663,9.718758979,44.67933515,52.12353779,14.45799192,18.10454397,14.87313772,11.90006406,36.05237163,23.64326213,40.90662397,8.424498802,6.765836207,3.892210961,41.98492505,5.882108864,7.983384523,21.84939602,24.41544269,15.43178351,17.41704969,70.58546718,19.4516397,3.422424787,32.45894813,4.661862006,54.9333156,42.73636189,14.02817926,42.98612063,47.47224878,44.2457063
2015-06,53.16980691,8.509459806,21.61269416,3.340384911,57.81665256,6.770443491,10.22042087,12.84986202,3.255395717,3.460087797,3.046625446,23.36176023,11.99855861,6.475842013,30.64713518,13.0063567,3.044736478,3.171134296,13.18630303,64.26446209,27.35071908,25.08717329,5.422805525,32.1070087,14.04638853,8.78252544,6.805919782,59.54749764,45.94336707,16.71383063,27.17144788,57.34779309,4.606431913,89.73434387,37.53322934,21.37695476,76.05615505,6.747865353,9.191308849,13.43705864,54.07865501,38.52704231,7.473970327,7.651215925,65.33501589,4.199208998,4.200018262,2.220185295,2.521540455,16,73.80593509,3.494845095,54.25203673,27.27411975,25.9957598,14.10554368,14.03040192,44.4439393,8.835208911,12.29382766,12.99311678,19.86071155,13.164978,68.14091281,33.98507513,2.460368923,45.85312643,43.14328256,4.793973382,8.35444565,5.115113162,20.57861616,2.033536782,3.466263505,35.7800753,39.80323593,9.362619193,3.297099796,38.75379552,3.878554659,14.2463218,23.68131695,68.72330285,59.22594059,27.36772508,53.21321587,16.48940985,4.27460359,1.762153829,34.9424207,23.29104948,13.81412214,24.64591163,3.18498084,3.159864116,2.954653358,13.43421492,2.009404857,15.12023046,10.53717516,35.32486494,44.57894916,7.455439018,19.88928833,44.05975348,41.98756445,15.39480358,15.39480358,4.2160145,50.23136426,7.083435988,71.87716926,66.12208265,11.40790134,4.020144783,2.367945864,40.65820108,37.30821884,6.89042306,8.70268072,66.95051407,6.106491557,29.29297906,55.02600646,12.74578409,13.9313859,27.79264023,19.78917595,2.866684481,17.28478062,3.126790858,21.68869156,61.54555415,40.72046727,33.34268652,28.69865919,29.68294435,3.438960533,4.526262096,16.62403235,51.87402317,79.51666483,22.22468788,11.42085067,11.38190717,25.53176756,22.40546834,2.206921247,17.59864352,35.83320149,9.635792123,62.12172648,17.86409073,14.55073114,39.85257972,18.91513402,12.16547014,23.48319455,4.1662889,2.962277949,6.695488644,2.997242325,13.42509106,7.635578587,7.045911502,30.8817071,14.1259335,18.60072276,15.22267551,14.49745501,1.769436113,26.75190312,7.219089066,36.40116908,5.465004981,12.7012478,94.16811648,2.176319491,5.092413441,2.013468568,32.76722493,18.98909268,82.7739919,28.50313942,39.30399804,62.37107039,22.64026008,38.26607394,2.744759156,7.483217791,18.27507478,114.7877311,45.20730736,18.04923732,2.334629847,3.783934912,17.76210137,32.85638568,9.274712443,43.24094092,50.8325496,14.46150475,17.59820001,14.76100219,11.14710384,36.21430862,22.88415574,39.21173341,8.126088627,6.702412822,3.830453535,40.97332029,5.81958922,7.631605653,20.27017778,24.01558505,16.43652921,17.20117686,69.19988522,19.05743269,3.373781628,31.52686476,4.570008108,53.45426952,41.43177196,13.39184641,43.35883805,46.72123991,42.86800907
2016-06,51.31914071,8.378717701,21.28039551,3.200425218,55.56222719,6.493730747,9.700523496,12.22385433,3.18791625,3.37733224,2.99326572,21.82883485,11.73074177,6.349841318,29.29028684,12.72941634,2.883394773,3.054347928,12.50040461,63.03928772,26.38057013,23.92484789,5.33982124,33.04770104,14.62089795,8.982628721,6.452312478,58.01188294,44.18714758,15.52912787,25.85378493,55.42276625,4.52700623,87.41103418,35.92511575,20.4046231,74.37438246,6.55165793,8.495061723,13.02776275,52.56944058,37.6026915,7.19882597,7.530816215,63.88823663,4.161269125,4.099446245,2.11074012,2.536088276,15.1,71.7953898,3.47093495,52.718863,28.42715811,25.38835288,13.47730152,13.39582616,43.0805157,8.190001279,11.62710645,12.69928592,19.20156154,12.68461527,66.13280029,33.07840722,2.293830886,44.04797825,41.2419076,4.581458573,7.968478406,4.958708174,20.92329542,1.99498863,3.512395326,34.30691419,38.78783512,9.104876388,3.286437339,37.41163405,3.863084907,14.47365756,22.87000172,67.44978594,57.28206626,26.65551477,51.90828777,15.94903122,3.95573755,1.70795239,33.10629932,22.47575906,13.32264368,23.90152707,3.103721554,3.103711998,2.881216519,13.06504328,1.951471608,14.69102519,9.773199151,34.4508162,43.46354179,7.270926503,18.91747228,42.60957725,40.3990643,15.44502433,15.44502433,3.855431518,48.75336735,6.815382917,72.31284233,65.16375749,10.97836146,3.86297659,2.354208442,39.5703934,35.27887258,6.974209701,8.119789871,65.2000458,6.145228277,28.60380091,53.84199487,12.81029644,13.47997703,26.91515797,19.32208533,2.781116849,16.09093832,2.756479026,20.72977821,59.83718727,39.43919489,32.55884532,27.95702895,28.51443382,3.42863529,4.374964739,15.99125384,50.45939047,78.52203498,21.62596622,11.30677916,10.49003154,24.88815266,21.87729731,2.145259169,17.21252839,34.98212319,9.67531359,60.47687976,17.36336029,14.11867187,38.82745284,18.31906077,11.6233272,23.12999493,4.035412212,2.981240546,6.407260619,2.918415907,13.14978403,7.112852093,6.453501195,29.55889717,13.87111027,18.97409456,14.74393581,14.11770626,1.685924004,25.82651158,6.725042149,35.35986487,5.227273544,12.74413485,88.57460605,2.168337101,4.983921859,1.91466754,32.01805924,18.43880874,80.40121872,28.24150634,37.63696273,62.37107039,21.9867332,36.63108063,2.707609333,7.038705417,17.88677576,112.0115593,44.1821746,17.55084931,2.287121744,3.743773245,17.97335322,32.09566996,8.854661334,41.86457045,49.50918712,14.47012187,17.0756355,14.70280417,10.45284483,36.42948545,22.2176018,37.56720354,7.858666784,6.644359718,3.786597014,39.75072025,5.764999193,7.246362809,18.80900986,23.49784824,21.04440387,16.93798343,67.75383592,18.63754742,3.334229446,30.67178423,4.490767809,51.93516601,40.17706566,12.92636402,43.31079448,45.78915991,41.39205678
2017-06,49.61142783,8.377771101,20.87252144,3.064820479,53.53517513,6.234654505,9.191891652,11.6070266,3.137775128,3.310107833,2.946415719,20.45378816,11.43327976,6.215721812,27.98896803,12.41067784,2.723917078,2.94076115,11.82258668,61.75400719,25.50827447,22.92587574,5.259518711,32.5322611,13.22951131,9.185937083,6.156358731,56.66177937,42.64095734,14.47229861,24.76897315,53.37781861,4.440870778,85.45682849,34.39533737,19.58730951,72.55358698,6.353441144,7.853088585,12.62426221,51.16107157,36.64667321,6.951794943,7.513284147,62.23309257,4.131128977,4.002123455,2.009089128,2.547018355,14.4,69.84422317,3.418009881,51.25864059,29.44661201,24.75389831,12.89280735,12.80503529,41.77764606,7.596111097,11.01859793,12.47642947,18.52842135,12.24758041,64.1341298,32.1664528,2.138074171,44.7729198,39.49162458,4.378014865,7.609075087,4.809880335,21.27775545,1.972407265,3.589783413,33.39280111,37.7964979,8.904336665,3.272901243,36.13914096,3.744485504,14.65086177,22.10282224,66.31240694,55.56853464,25.94577896,50.6760894,15.39612009,3.622308175,1.657723882,31.36071864,21.67976632,12.85287118,23.20491882,3.012137969,3.057221064,2.817374442,12.67540652,1.89802914,14.2482084,9.333470288,33.8954491,42.32736773,7.102367956,17.97861796,41.27171548,38.91403022,14.72272417,14.72272417,3.551749058,47.33907,6.581371296,71.66615105,64.2878887,10.59664511,3.590446343,2.327571078,38.50603365,33.50921055,7.086070621,7.556657882,63.49045398,6.169870895,27.88258766,52.60034909,13.15800092,13.04974204,26.18071548,18.87288131,2.696661167,15.06628692,2.450508289,19.86283671,57.93608221,38.17558935,31.75462296,27.230499,27.44986708,3.429526901,4.224896717,15.40651068,49.11822933,77.27902103,21.01183845,11.19371317,8.701811903,24.24716359,21.36587501,2.088793522,16.85559591,34.16832627,9.738802957,58.84952164,16.83679006,13.67191186,37.8488087,17.75947109,11.13253918,22.72302914,3.926648714,3.005727379,6.110995025,2.847998774,12.8946423,6.663597858,5.885884794,28.43856126,13.54783531,19.33955469,14.27800991,13.72276785,1.614621925,24.99924795,6.31845442,34.44887931,5.009808556,12.6615722,85.92968377,2.149164595,4.880681694,1.822978871,31.30773351,17.87720993,78.16335028,28.19221314,36.03392224,62.37107039,21.34320439,35.06675121,2.6777487,6.672447951,17.46896603,109.2523299,43.10681144,17.0214874,2.22817268,3.695021149,18.07103623,31.27273054,8.448062462,40.49387034,48.24958911,14.4627321,16.59032719,14.67273056,9.79667659,36.6589691,21.54526453,36.04296353,7.615556599,6.582597698,3.751597161,38.31987893,5.711304422,6.84922249,17.55166898,22.93413791,21.03895442,16.62850994,66.27203718,18.25900303,3.300916661,29.79929016,4.421259773,50.51503067,38.93552305,12.30823531,43.34170746,44.12442869,40.51729447
2018-06,48.04333496,8.473569464,20.4293154,2.941386329,51.87144038,6.005957808,8.699038159,11.03316665,3.096226822,3.252149514,2.898647919,19.25599983,11.14656852,6.064939751,26.73541519,12.08193316,2.565442706,2.8357682,11.1856546,60.4147168,24.69640339,21.99730704,5.169526734,32.30305017,12.82689496,9.381047987,5.887383996,55.29668942,41.16822534,13.56127146,23.73977705,51.58737925,4.346865205,83.44119539,32.95916151,18.90488861,70.83647473,6.158473462,7.271503436,12.20550657,49.68353256,35.72597831,6.729932793,7.532697478,60.58989885,4.097683361,3.907033744,1.921239746,2.546605659,13.7,67.89352061,3.337711142,49.79531909,30.30109092,24.12055393,12.35186508,12.2580325,40.52899247,7.055262743,10.47499159,12.27264454,17.93854367,11.81293068,62.20776162,31.32266678,1.996524866,40.72144838,37.92847079,4.189799884,7.281041074,4.667788876,21.57341825,1.95733568,3.686930068,32.21138832,36.8204285,8.719109312,3.251574908,34.95534706,3.537474296,14.72418083,21.41352808,65.11028346,53.9703072,25.21544879,49.42427758,14.93268302,3.310397097,1.604187592,29.73260213,20.9354136,12.42401781,22.5071452,2.919634418,3.014247709,2.753539273,12.29947291,1.847365937,13.82146487,9.195043576,32.82104045,41.25445508,6.935922922,17.12063642,40.0614442,37.57340008,14.2847648,14.2847648,3.299448102,46.02747143,6.369833427,69.0943663,63.30762778,10.22510136,3.283309356,2.291535609,37.45838044,32.07175445,7.216126246,7.018584599,61.79182102,6.145847724,27.15930694,51.37933015,13.68012415,12.61694325,25.40876516,18.48022556,2.613578373,14.19164532,2.217671078,19.08066274,56.37158704,36.95370358,31.15591317,26.42573317,26.49262397,3.441174128,4.083724144,14.85214263,47.88772726,75.74067416,20.32376557,11.05423207,6.844610049,23.65308959,20.90458098,2.0347814,16.52082873,33.38097917,9.79754797,57.24433326,16.29283263,13.18032671,36.90553768,17.20270543,10.66801466,22.20616526,3.836595835,3.030647398,5.828368577,2.785929835,12.62618183,6.19501118,5.374823861,27.34396942,13.22883176,19.69200251,13.82593318,13.31839037,1.552569037,24.21346092,5.970146725,33.55115697,4.812831738,12.49662492,83.35191011,2.11060324,4.781966095,1.73819537,30.60503425,17.32143295,75.90145665,27.83128643,34.51427826,62.37107039,20.708928,33.59153326,2.645404094,6.351597595,17.05157641,106.4474347,42.02078859,16.5582391,2.157391202,3.6377632,17.99775299,30.44899816,8.069629892,39.19029106,46.99292564,14.425663,16.12977558,14.61118949,9.184093217,36.64454749,20.90546311,34.60050337,7.392673966,6.506085067,3.717732774,37.00050852,5.643624569,6.451477159,16.47229406,22.41914364,21.03843638,16.26984604,64.70124178,17.9401842,3.269309449,28.98414609,4.350928715,49.16995906,37.71614521,11.80040766,43.63969732,43.36463674,39.27375559
2019-06,46.51282488,8.614278947,19.95486657,2.83160691,50.18015462,5.790410797,8.238052776,10.50872351,3.051816365,3.192260669,2.845195443,18.23757538,10.85550979,5.901778269,25.58966058,11.74110773,2.421918468,2.735199482,10.58929043,59.00127358,23.8496661,21.19450891,5.058139874,32.25554484,12.44783819,9.552677352,5.628804339,53.93724291,39.85035699,12.78977538,22.83360071,50.17327695,4.245518033,81.00321702,31.63569552,18.33772059,69.0959986,5.966439752,6.758933487,11.8379662,48.28004612,34.85063434,6.513911025,7.543570788,58.59966923,4.05451865,3.809897441,1.839560344,2.528718446,13.1,66.10813542,3.240685756,48.41679949,30.93649251,23.45182975,11.86192402,11.76392251,39.42261571,6.577148624,9.995294129,12.03792808,17.32535891,11.43687592,60.41252496,30.4710988,1.869637897,38.56677056,36.54901227,4.016253772,6.982657953,4.530381901,21.67701431,1.945579565,3.773530241,31.14586161,35.89288459,8.527018692,3.218933237,33.89338301,3.307610318,14.68112905,20.74751564,63.81979382,52.32320629,24.43698142,48.2161935,14.45316929,3.032795764,1.553076648,28.25677267,20.24194248,11.99341286,21.82842035,2.829042475,2.968293338,2.684453193,11.92587158,1.79732883,13.40866663,9.302377169,31.86514553,40.11294163,6.76705572,16.36192998,38.98449569,36.36113354,13.8696419,13.8696419,3.090959461,44.81109791,6.164690774,68.07696244,62.1827804,9.883113117,2.98901931,2.247764044,36.47211925,30.91180976,7.320757787,6.515647385,60.20954388,6.078252618,26.38970946,50.13964669,14.2699591,12.19627163,24.54071156,18.06700336,2.527675411,13.4465395,2.03975161,18.34228313,54.77353916,35.75485505,30.72506828,25.70468123,25.61869656,3.454584908,3.942549622,14.31413945,46.72142921,74.16031659,19.68973421,10.88006675,5.344509877,23.05960458,20.43481915,1.984170623,16.14506415,32.49277602,9.812342984,55.66382504,15.77970521,12.78020955,35.85000427,16.63330209,10.25526586,21.63311887,3.762721367,3.050173095,5.5681527,2.726693123,12.35364102,5.694670269,4.930722198,26.29013374,12.87566033,20.01384667,13.38548735,12.91834406,1.493181156,23.48425508,5.685871822,32.69596939,4.628735932,12.26169367,80.92103639,2.050107878,4.683178337,1.660514858,29.87897781,16.82147481,74.03214346,27.51648189,33.104177,62.37107039,20.09510424,32.22745906,2.603356874,6.076990988,16.6361138,103.8013421,40.96868138,16.07992362,2.082771648,3.566096882,17.92260751,29.59554548,7.720870429,38.07202495,45.76114947,14.29134331,15.65580004,14.48669421,8.615328271,36.32163835,20.23147101,33.43732562,7.177253295,6.404888817,3.674376892,35.97671569,5.557425125,6.068324119,15.57451972,21.85375707,21.03843638,15.88450732,63.15426007,17.60718297,3.232475757,28.23305343,4.274989371,47.91183415,36.57129011,11.34772895,43.62303149,42.41526142,38.42377559